area,mechanism,owner,status,current,evidence,remaining
Action lifecycle,Outer/nested calculation provenance,"deep-combat-layer/00,02,12,18",mechanism-ready,"LT28 proved forecast-trace/state-0x19 versus outer-sweep/state-0x2A confirmed execution. The cache accepts only the execution pair and refuses formula-0x25's nested synthetic Attack overwrite, preserving the outer Rend identity.",tools/analyze_dcl_calc_provenance.py; work/1784070430-lt28-dcl-calc-provenance-live-result.md; codemod/fftivc.generic.chronicle.codemod/DclActionContextCache.cs,Live-confirm one natural Rend fallback row and charge-poll provenance; the execution-only producer boundary is already bound.
Damage,Deterministic HP damage apply,deep-combat-layer/05,proven-live,Managed pre-clamp formulas rewrite staged HP debit through native HP/KO lifecycle.,codemod/fftivc.generic.chronicle.codemod/Mod.cs; docs/modding/06-code-mod-runtime-dsl.md,Integrate a sentinel mechanism policy and run the full regression set; final balance values are out of scope.
Damage,Forecast damage/heal parity,"deep-combat-layer/05,09,13,14",proven-live,"Forecast source/poke paths and native HP ghost fields are mapped and controlled. Direct numeric magic now also owns one exact, RNG-free probability/value/resource plan shared by player and AI projections; arbitrary Xd6+Y uses exact convolution and rounds only at the named native boundary.",codemod/fftivc.generic.chronicle.codemod/Mod.cs; codemod/fftivc.generic.chronicle.codemod/DclCanonicalMagicEvaluation.cs; codemod/fftivc.generic.chronicle.codemod/DclExactValueDistribution.cs; docs/modding/05-reverse-engineering.md,"Bind the canonical evaluation projection to the live player and AI carriers, then exercise every technical action family in the integrated mechanism profile."
Damage,"Damage types, DR, wound and penetration","deep-combat-layer/05,06",partial-live-gated,"The literal ST table and canonical injury resolver own dice normalization, minimum damage, exact armor divisors, DR-before-wound ordering, all wound multipliers, Major Wounds, KO short-circuiting, and capped critical knockback. Physical, direct-magic, and Area-magic executors compose per-Strike Shock accumulation, surviving Major-Wound HT, paired Stun/Knocked Down, critical knockback, and concentration cancellation/checks. Confirmed coordinators resolve the universal Shock/Stun/Knocked Down definitions before RNG, materialize them before the outer Reaction window, merge Shock without refreshing its target-turn window, and project their exact state mutations beside the Injury carrier. Multi-Strike Immediate physical and Area Injury reproject Stun/Knocked Down into later defenses in execution and exact forecast/AI; unsupported delivery families fail closed.",codemod/fftivc.generic.chronicle.codemod/DclStrengthDamage.cs; codemod/fftivc.generic.chronicle.codemod/DclInjury.cs; codemod/fftivc.generic.chronicle.codemod/DclCanonicalInjuryConsequenceCommitter.cs; codemod/fftivc.generic.chronicle.codemod/DclCanonicalNativeAuxiliaryProjection.cs; codemod/fftivc.generic.chronicle.codemod.smoketests/Program.cs,"Connect location/equipment DR selection and native HP/custom-state presentation/displacement/Charging commits, then prove representative physical and manifested-magic verticals."
Defense,Physical hit contest and outcome delivery,"deep-combat-layer/03,08,18",partial-live-gated,"The exact 3d6 contest and live miss-delivery carrier are implemented. The canonical physical executor composes a bound profile, item-owned weapon damage, dynamic per-Strike defense selection, cumulative resources, DR/Injury, KO short-circuiting, and one outer Reaction window. Ordered physical status Riders honor the referenced state's None, SuccessRoll, or QuickContest gate; QuickContest reuses each landed Strike's attack margin, and only reachable gates consume resistance RNG. Riders materialize inside the outer commit and retain their exact state instance through native projection. The confirmed coordinator owns those sites through the battle ledger. A matching RNG-free evaluator enumerates every attack, selected-defense, defense, weapon-damage, and Rider-resistance branch; it carries repeated-Parry vectors, finite Block, HP evolution, KO short-circuiting, exact raw/applied Injury distributions, and lossless player/AI per-Strike Rider marginals across all targets and Strikes. Explicit physical Rider gates and multi-Strike Immediate status setup fail closed.",codemod/fftivc.generic.chronicle.codemod/DclPhysicalContest.cs; codemod/fftivc.generic.chronicle.codemod/DclCanonicalPhysicalExecutor.cs; codemod/fftivc.generic.chronicle.codemod/DclCanonicalPhysicalExecutionCoordinator.cs; codemod/fftivc.generic.chronicle.codemod/DclCanonicalPhysicalEvaluation.cs; codemod/fftivc.generic.chronicle.codemod/DclMagicActionGates.cs; codemod/fftivc.generic.chronicle.codemod/DclCanonicalNativeCarrierProjection.cs; codemod/fftivc.generic.chronicle.codemod.smoketests/Program.cs,"Bind the exact evaluator/coordinator to native forecast, AI, and execution carriers and regress every physical delivery family; apply/presentation consumption is already closed offline."
Defense,Repeated Parry and Block resource lifecycle,"deep-combat-layer/03,18",partial-live-gated,"The canonical physical transaction spends cumulative Parry attempts per weapon or limb with a -4 step, retains one Block attempt, reselects the best legal defense per Strike, and opens no intermediate Reaction window. Direct and standalone ForcedMovement External Projectile families validate the same battle-owned defense revision, spend Block on each reachable noncritical attempt whether successful or failed, reject a spent retry before RNG, and expose the exact correlated spend probability to forecast/AI. A battle-owned revisioned cadence persists both resources across outer actions, atomically rejects stale retries, resets only at the defender's granted-turn boundary, and survives timeline checkpoint/restore. The earlier finite-Parry-use runtime is historical and is not a conforming DCL implementation.",codemod/fftivc.generic.chronicle.codemod/DclActionTransaction.cs; codemod/fftivc.generic.chronicle.codemod/DclCanonicalPhysicalExecutor.cs; codemod/fftivc.generic.chronicle.codemod/DclCanonicalPhysicalExecutionCoordinator.cs; codemod/fftivc.generic.chronicle.codemod/DclCanonicalMagicExecutionCoordinator.cs; codemod/fftivc.generic.chronicle.codemod/DclCanonicalMagicEvaluation.cs; codemod/fftivc.generic.chronicle.codemod/DclCanonicalForcedMovementExecution.cs; codemod/fftivc.generic.chronicle.codemod/DclCanonicalForcedMovementEvaluation.cs; codemod/fftivc.generic.chronicle.codemod/DclCanonicalBattleRuntime.cs; codemod/fftivc.generic.chronicle.codemod/DclCanonicalTimelineCheckpoint.cs; codemod/fftivc.generic.chronicle.codemod.smoketests/Program.cs,"Bind canonical physical/direct-magic/ForcedMovement defense candidate construction and the granted-turn boundary to native execution, replacing the legacy live Guard-pool path."
Damage,Barrage weapon multistrike carrier,"deep-combat-layer/03,16,18",mechanism-ready,"Formula 0x6A writes fixed count four into the shared native repeat counter. Each result delegates to the exact order-payload weapon formula and ordinary normal-attack postprocessor; RandomFire is clear, so the original single target remains selected. The native result producer increments the shared index and publishes continuation per result.",tools/analyze_dcl_multistrike_transactions.py; tools/analyze_dcl_active_weapon_payload.py; codemod/fftivc.generic.chronicle.codemod/DclNativeRepeat.cs; tools/report_dcl_ability_classification.py,"Live-confirm the four mapped repeats through pre-clamp/apply, presentation, and reaction cadence."
Position,Facing and flank/back policy,deep-combat-layer/04,proven-live,Coordinates/facing enum and front/side/back derived variables are owned.,docs/modding/04-engine-memory-model.md; codemod/fftivc.generic.chronicle.codemod.smoketests/Program.cs,Regress bridge/map-level geometry with sentinel modifiers; final calibration is out of scope.
Position,Forced movement and settled native map verdict,"deep-combat-layer/05,09,18,19",partial-live-gated,"The normalized ForcedMovement profile owns positive distance and Away/Toward/SourceFacing/ExplicitVector direction. A pure resolver validates one immutable native path/edge/fall verdict shared by forecast, AI, and confirmed execution, distinguishes blocked zero movement and KO short-circuit, and exposes Aim/concentration consequences only after positive settlement. The canonical coordinator owns reachable casting/defense/resistance draws, validates and commits the battle-owned finite Block resource, publishes movement beside an empty numeric carrier, and retains one outer Reaction. Forecast and AI expose the same exact Block-attempt/spend probability. Auxiliary planning and native writer validate origin and final-destination readback without per-tile callbacks. Multi-Strike Immediate authoring fails closed.",codemod/fftivc.generic.chronicle.codemod/DclCanonicalForcedMovement.cs; codemod/fftivc.generic.chronicle.codemod/DclCanonicalForcedMovementExecution.cs; codemod/fftivc.generic.chronicle.codemod/DclCanonicalForcedMovementEvaluation.cs; codemod/fftivc.generic.chronicle.codemod/DclCanonicalNativeAuxiliaryApply.cs; codemod/fftivc.generic.chronicle.codemod.smoketests/Program.cs,"Bind the shared verdict and movement writer to the native map callback, then route critical knockback and authored damage Riders through the same settled carrier before live proof."
Position,"Reach, range, height and weapon LoS","deep-combat-layer/04,07,12",partial-live-gated,Range/coordinates/tile data are exposed; native Arc/Direct target-equality LoS is mapped and LT27 is prepared.,work/1783996629-lt27-dcl-weapon-line-of-fire-live-plan.md; docs/modding/04-engine-memory-model.md,"Run LT27, prove reaction-delivered bow/gun attacks traverse the resolver, then integrate a synchronous verdict and author vertical policies."
Traits,Brave offense/defense/reaction inputs,"deep-combat-layer/01,08,15,18",partial-live-gated,"Brave-derived HT is formula-visible, while canonical Reactions no longer route activation through raw Brave. Normalized AutomaticTrigger, SkillResponse, and one-reference ActivationRoll use exact DX/HT/IQ/Will/named-Skill inputs in one execution/evaluation owner; the historical courage/caution taxonomy is nonconforming legacy code.",codemod/fftivc.generic.chronicle.codemod/DclCanonicalReactionEvaluation.cs; codemod/fftivc.generic.chronicle.codemod/DclCanonicalReactionWindow.cs; codemod/fftivc.generic.chronicle.codemod/DclReactionContract.cs; codemod/fftivc.generic.chronicle.codemod.smoketests/Program.cs,Bind canonical Reaction metadata/evaluation to the native post-action window and keep the legacy raw-Brave route disabled in the integrated profile.
Traits,Faith magic output/vulnerability inputs,"deep-combat-layer/11,13,15",mechanism-ready,"Raw/effective Faith and magic pipeline variables support output, healing, vulnerability, and status resistance.",work/1783983032-battle-runtime-settings.dcl-magic-pipeline-mechanism.json; codemod/fftivc.generic.chronicle.codemod.smoketests/Program.cs,Run integrated magic regression with sentinel curves; final balance policy is out of scope.
Traits,Zodiac compatibility inputs,deep-combat-layer/13,mechanism-ready,Attacker/target zodiac and derived compatibility distance/multipliers are formula-owned.,work/1783980809-battle-runtime-settings.dcl-weapon-skill-mechanism.json; codemod/fftivc.generic.chronicle.codemod.smoketests/Program.cs,"Apply one sentinel matrix across representative magic, healing, and status families."
Progression,Weapon Skill aptitude and Rank inputs,deep-combat-layer/03,partial-live-gated,"The canonical A-E aptitude table and Rank-to-GURPS-score rules are implemented offline. Existing Job Level and equipment-family runtime inputs are reusable, while the earlier configurable family-grade curve is superseded.",codemod/fftivc.generic.chronicle.codemod/DclPhysicalRules.cs; codemod/fftivc.generic.chronicle.codemod/FormulaRuntimeContextBuilder.cs; codemod/fftivc.generic.chronicle.codemod.smoketests/Program.cs,"Load authored aptitude Tier/difficulty for each legal family and bind the canonical score to forecast, AI, and execution."
Progression,Dual-wield active-weapon routing,"deep-combat-layer/03,06",mechanism-ready,"For action type 1, orderRecord+8 is the exact weapon item id used by native formula dispatch. The calc ring, action context, formula variables, weapon-skill profile, and hit-decision key retain it end to end. Different equipped ids identify right/left; identical ids remain side-ambiguous but route through the same exact weapon family and skill.",tools/analyze_dcl_active_weapon_payload.py; work/1784078789-dcl-active-weapon-payload-checkpoint.md; codemod/fftivc.generic.chronicle.codemod/FormulaRuntimeContextBuilder.cs; codemod/fftivc.generic.chronicle.codemod/DclHitDecisionCache.cs,Live-confirm that native Dual Wield emits two separate result transactions and preserves each strike's payload; weapon/skill routing itself is closed offline.
Magic,Unified damage/heal/affinity pipeline,"deep-combat-layer/11,13,14",partial-live-gated,"The canonical direct/Area resolvers own shared SpellScore, exact dice, DR/divisor then wound behavior, affinity/Absorb/Null, strongest boost, Faith, Shell, one-time Oil, healing caps/criticals, and one-time pre-target-classification Reflect routing without universal Magic Evade. The reflected recipient owns all target-relative inputs without rerolling or repricing. A synchronized projector composes typed state, equipment/focus, Faith, DR, Oil, Exposure, Shell, and Reflect inputs; focus magnitude modifiers use the same normalized expression in forecast, AI, and execution. Direct and Area coordinators own every reachable execution draw and native publication, including magical Aim retention. Area evaluation now enumerates the same per-target magnitude expression, critical healing replacement, HP/Absorb caps, Oil state, and KO short-circuit across Strikes without execution RNG.",codemod/fftivc.generic.chronicle.codemod/DclMagicResolution.cs; codemod/fftivc.generic.chronicle.codemod/DclCanonicalRuntime.cs; codemod/fftivc.generic.chronicle.codemod/DclCanonicalAreaMagicExecutor.cs; codemod/fftivc.generic.chronicle.codemod/DclCanonicalAreaMagicEvaluation.cs; codemod/fftivc.generic.chronicle.codemod/DclCanonicalAreaMagicExecutionCoordinator.cs; codemod/fftivc.generic.chronicle.codemod/DclCanonicalMagicExecutionCoordinator.cs; codemod/fftivc.generic.chronicle.codemod/DclCanonicalMagicSnapshotMechanics.cs; codemod/fftivc.generic.chronicle.codemod.smoketests/Program.cs,"Bind the synchronized projection and exact evaluation to native forecast/AI/execution target construction, then live-prove injury, healing, Absorb, Oil, and Reflect verticals."
Magic,Internal Direct resistance and magical defense routing,deep-combat-layer/13,partial-live-gated,"External Projectile, Beneficial, and Internal Direct have separate exact delivery resolvers. The canonical status executor binds Internal Direct to one target Quick Contest, immunity-before-RNG, target-owned ties, state commit, and one Reaction window without the historical universal Magic-Evade path. Confirmed status execution owns the shared casting and only-reachable resistance sites through the battle ledger and requires the exact battle state registry. A matching RNG-free evaluator enumerates the shared caster and conditional resistance spaces, exact delivery outcomes and winning margins, immunity short-circuit, outcome-dependent resource settlement, and lossless player/AI application probability.",docs/deep-combat-layer/13-magic-resolution-and-defenses.md; codemod/fftivc.generic.chronicle.codemod/DclMagicResolution.cs; codemod/fftivc.generic.chronicle.codemod/DclCanonicalStatusExecutor.cs; codemod/fftivc.generic.chronicle.codemod/DclCanonicalStatusEvaluation.cs; codemod/fftivc.generic.chronicle.codemod.smoketests/Program.cs,"Bind current target resistance/state snapshots and the exact evaluation to forecast, AI, and the native status carrier, then retire the old Magic-Evade arm from the integrated profile."
Magic,Touch SpellScore attack and active-defense gate,"deep-combat-layer/13,18,19",partial-live-gated,"The normalized Touch profile rejects Block and requires physical route/per-Strike gate ownership. One exact resolver uses SpellScore as the attack skill, permits only authored Dodge/Parry, bypasses defense on critical attack, applies the cumulative -4 Parry step before defense selection, and spends the exact named Parry resource on every reachable attempt. The direct numeric coordinator requires one immutable matching NativeDirect/NativeArc range-and-trajectory verdict before RNG; composes Damage, Healing, ResourceChange, status Riders, Injury/Aim, payment, target transaction, one Reaction window, and SingleResult publication; commits the battle-owned Parry revision; and keeps ResourceFailure before every random/resource/effect site. Native projection retains both the translated magic delivery and original physical Touch outcome. RNG-free evaluation shares exact effect/payment, hit, defense-attempt, and Parry-spend distributions with player and AI.",codemod/fftivc.generic.chronicle.codemod/DclTouchResolution.cs; codemod/fftivc.generic.chronicle.codemod/DclCanonicalRuntime.cs; codemod/fftivc.generic.chronicle.codemod/DclCanonicalMagicExecutionCoordinator.cs; codemod/fftivc.generic.chronicle.codemod/DclCanonicalMagicEvaluation.cs; codemod/fftivc.generic.chronicle.codemod/DclCanonicalNativeCarrierProjection.cs; codemod/fftivc.generic.chronicle.codemod/DclAuthoringContract.cs; codemod/fftivc.generic.chronicle.codemod.smoketests/Program.cs,"Bind proven native Touch range/trajectory and Dodge/Parry candidate snapshots to the coordinator, classify real Touch ability carriers, then live-prove damage, defense, payment, and presentation ordering."
Magic,RandomFire multistrike carrier,"deep-combat-layer/13,16,18",mechanism-ready,"All 16 RandomFire records are mapped. The native flag selects exactly one eligible target and runs one ordinary calculation per repeat; formulas 0x1E/0x1F use the exact weighted 1..10 distribution and formula 0x5E uses X+1. Native count/index globals drive spell-level hit-decision retention, while status plans remain per repeated result.",tools/analyze_dcl_multistrike_transactions.py; codemod/fftivc.generic.chronicle.codemod/DclNativeRepeat.cs; codemod/fftivc.generic.chronicle.codemod/Mod.cs; work/1784015549-randomfire-cardinality-live-plan.md,"Live-confirm selector, pre-clamp, HP/status apply, presentation ordering, and repeated selection of the same target."
Resources,Atomic HP/MP economy and redirect replacement,"deep-combat-layer/11,12",partial-live-gated,"The canonical resource layer owns exact final MP cost, pre-confirmation MP+HP forecast, explicit ApprovedHPCap authorization, pre-gate ResourceFailure, outcome settlement, MP-first debit, and legal lethal overcast. Canonical direct, status, and Area executors terminate ResourceFailure before target snapshot and reject every unreachable caster/defense/resistance/magnitude draw. A source-payment apply planner validates exact native HP/MP pools, rejects target-style credits and damage Reactions, derives the MP-first post-payment snapshot, requires exact payer-KO metadata, snapshots target/source KO cleanup, fails closed on a stale cleanup revision, and advances payment plus managed cleanup together after the native write. The transactional writer accepts legal zero-MaxMP units, rejects stale pools, writes MP before HP, confirms readback, and rolls earlier writes back on failure.",codemod/fftivc.generic.chronicle.codemod/DclMagicResourcesAndCasting.cs; codemod/fftivc.generic.chronicle.codemod/DclCanonicalRuntime.cs; codemod/fftivc.generic.chronicle.codemod/DclCanonicalAreaMagicExecutor.cs; codemod/fftivc.generic.chronicle.codemod/DclCanonicalNativePaymentApply.cs; codemod/fftivc.generic.chronicle.codemod/DclCanonicalNativeApplyRouter.cs; codemod/fftivc.generic.chronicle.codemod.smoketests/Program.cs,"Bind declaration UI/AI and the source-owned native HP/MP writer at a proven post-target-apply boundary; then live-prove ordinary, lethal, and self-target overcast without a hybrid pool/state commit."
Resources,HP/MP ResourceChange and Drain,"deep-combat-layer/09,11,18,19",partial-live-gated,"The normalized action contract owns TargetCredit, TargetDebit, and DrainTargetToSource plus separate target/source Undead routes. The pure resolver caps target and source pools independently, transfers only applied target debit, distinguishes HP/MP and source/target KO, and never enters Injury. Confirmed External Projectile, Beneficial, and Internal Direct routes own casting, conditional defense/resistance, and one ResourceMagnitudeDie through the battle ledger; exact evaluation correlates delivery, dice, caps, rejection, and both KO outcomes for player/AI. Native projection separates target effect, source effect, and cast payment. A static-proven state-apply epilogue at 0x30AB4D now consumes only the terminal target/Strike after exact HP/MP readback, then coordinates source ResourceChange before payment. Its disabled-by-default live callback rejects lethal source HP writes because direct HP zero does not own native KO lifecycle.",codemod/fftivc.generic.chronicle.codemod/DclCanonicalResourceChange.cs; codemod/fftivc.generic.chronicle.codemod/DclCanonicalMagicEvaluation.cs; codemod/fftivc.generic.chronicle.codemod/DclCanonicalMagicExecutionCoordinator.cs; codemod/fftivc.generic.chronicle.codemod/DclCanonicalNativeSourceEffectApply.cs; codemod/fftivc.generic.chronicle.codemod/DclCanonicalNativePostApply.cs; codemod/fftivc.generic.chronicle.codemod/DclCanonicalNativeApplyRouter.cs; tools/audit_runtime_hook_anchors.py; codemod/fftivc.generic.chronicle.codemod.smoketests/Program.cs,Publish one real canonical execution from native snapshots and live-prove the nonlethal post-apply callback; then bind a native lethal source-pool lifecycle carrier before lethal overcast or source-harm Drain.
Statuses,Authored status contest and duration,"deep-combat-layer/08,14",partial-live-gated,"The ordinary HP-result carrier is live-proven: one basic Attack preserved its natural 14 HP debit, staged Blind only in the native add packet, produced the 0x88 HP-plus-status composite, displayed Blind through native delivery, and retained Auto-Potion as an independent downstream Reaction. Per-action 3d6 resistance, immunity, and target-turn duration ownership are implemented and tested. Twenty-two status-only actions have fail-closed retained carriers. Twenty-six ordinary damage riders are data-suppressible; support, split-result, grouped, drain, and lifecycle exceptions retain dedicated owners. The execution-only catalog-verified producer owns 82 conditional actions, two performance actions, and the two RandomFire Void actions. Performance preserves the native caster-Sleep gate; RandomFire stages one fresh exact seven-bit random-one packet per repeated result. Every owned bit is atomically replaced in the paired native packet. The exact 150-action status inventory has one mechanism owner per action, zero unowned rows, and no remaining special transaction category.",work/1784097430-lt32-dcl-native-status-packet-live.log; work/1784097818-lt32-native-status-packet-live-checkpoint.md; tools/analyze_dcl_native_status_packet_live.py; work/1783974808-battle-runtime-settings.lt14-dcl-status-add.json; work/1784068553-battle-runtime-settings.dcl-dragon-gift-rider.json; work/1784068927-battle-runtime-settings.dcl-self-destruct-rider.json; codemod/fftivc.generic.chronicle.codemod/DclStatusPacket.cs; codemod/fftivc.generic.chronicle.codemod/DclStatusGroups.cs; codemod/fftivc.generic.chronicle.codemod/DclStatusNativeCarrier.cs; codemod/fftivc.generic.chronicle.codemod/DclStatusGroupedCarrier.cs; codemod/fftivc.generic.chronicle.codemod/DclStatusConditionalCarrier.cs; codemod/fftivc.generic.chronicle.codemod/DclStatusConditionalProducer.cs; codemod/fftivc.generic.chronicle.codemod/Mod.cs; tools/analyze_dcl_status_transactions.py; tools/analyze_dcl_status_authority.py; tools/analyze_dcl_status_conditional_producer.py; tools/build_neuter_data.py,"Live-prove RandomFire per-repeat packet integration, Song/Dance tick cadence and cleanup, plus representative retained and split-result carrier verticals; the ordinary LT32 add carrier is closed."
Lifecycle,"KO, revive, instant KO and corpse state","deep-combat-layer/05,08,14",partial-live-gated,"Native HP/KO lifecycle and formula-owned revive credit are live-proven; direct death writes are rejected. The data-neutralized Death vertical proves that instant KO composes with the AI-facing compute-point writer: AI receives exact 3d6 expected lethal debit, confirmed execution rolls once, cached resistance or lethal debit reaches native HP apply without a second contest, and the legacy KO path remains unused. Raise proves that the writer can replace native staged revive credit while native apply clamps to MaxHP and clears Dead only after restoring HP. Corpse/crystal mechanisms remain mapped offline.",tools/analyze_dcl_instant_ko_compute.py; tools/analyze_dcl_raise_revive.py; work/1784093540-lt37a-dcl-instant-ko-compute-resist-resolved-live.log; work/1784093827-lt37b-dcl-instant-ko-compute-ko-resolved-live.log; work/1784096430-lt38-dcl-raise-revive-live.log; work/1784096697-lt38-raise-revive-live-checkpoint.md; codemod/fftivc.generic.chronicle.codemod/DclLifecycle.cs; codemod/fftivc.generic.chronicle.codemod/DclComputePointNumericPlan.cs; work/1784090430-dcl-compute-point-family-closure.md; docs/modding/04-engine-memory-model.md; work/1783987383-dcl-bequeath-crystal-offline.md,"Regress corpse/crystal transitions if their native formula, status metadata, or lifecycle tail changes."
Lifecycle,Native special-action transactions,"deep-combat-layer/10,16",mechanism-ready,"Song/Dance cadence, steal/equipment-break carriers, paired recoil and HP/MP drain results, the team pool, and transformation have reproducible current-build offline mappings; the 512-record technical classification queue is empty.",work/1784011230-dcl-offline-formula-closure-checkpoint.md; work/1784011732-dcl-equipment-break-analysis.md; work/1784011733-dcl-recoil-paired-result-analysis.md; work/1784012424-dcl-drain-transaction-analysis.md; docs/modding/04-engine-memory-model.md,Run targeted cardinality/persistence integration checks with sentinel rules; per-ability balance policy is out of scope.
Reactions,Activation modes and native effects,deep-combat-layer/18,partial-live-gated,"Normalized Reaction records and fail-closed validation own AutomaticTrigger, SkillResponse, one-reference ActivationRoll, eligibility-before-RNG, costs/uses, source/target binding, and once-per-window/native cardinality without raw Brave. One RNG-free evaluator preserves native order and exposes the exact 3d6 activation mass to player and AI. Confirmed physical, direct/Area magic, status application/removal, Dispel, Quick, Revive, and standalone ForcedMovement coordinators preflight the complete candidate/binding/effect route before any execution RNG or mutation, resolve the exact battle-owned post-action window, and retain its result through native projection; ResourceFailure and the later Stored-Reraise lifecycle trigger open none. Native publication requires the declared-window flag and same-ActionInstance result together. A strict atomic binding separates the native presentation/dispatch id at actor+0x18C from the executable effect ability at actor+0x142 and validates that effect ability against the exact normalized effect Action revision. The disabled state-0x2C hook consumes one ordered normalized effect Strike per exact reactor/two-id match, while one accepted multi-Strike Reaction remains one Reaction. The state-0x2F terminal hook refuses settlement until every accepted effect Strike completes, then acknowledges, settles, and retires the singleton payment-committed battle-generation ticket.",codemod/fftivc.generic.chronicle.codemod/DclReactionContract.cs; codemod/fftivc.generic.chronicle.codemod/DclCanonicalReactionWindow.cs; codemod/fftivc.generic.chronicle.codemod/DclCanonicalReactionEvaluation.cs; codemod/fftivc.generic.chronicle.codemod/DclCanonicalAuxiliaryExecutionCoordinator.cs; codemod/fftivc.generic.chronicle.codemod/DclNativeReactionBindings.cs; codemod/fftivc.generic.chronicle.codemod/DclCanonicalNativeReactionCompletion.cs; tools/analyze_dcl_reaction_effect_boundary.py; tools/analyze_dcl_reaction_window_completion.py; work/1784105715-lt23-rion-counter-pass2-live-analysis.md; work/1784106074-lt23-auto-potion-pass2-live-analysis.md; codemod/fftivc.generic.chronicle.codemod.smoketests/Program.cs,"Bind normalized native candidate production/effect dispatch to the published ActionInstance, then live-prove the managed state-0x2C and terminal hooks plus all three activation modes."
Reactions,"Synthetic producer, accepted-order transformation and commit","deep-combat-layer/16,18",partial-live-gated,"LT31 proves that pass-2 commit owns accepted-Reaction cardinality, while state 0x2C owns delivered transaction/strike cardinality. LT39 proves live that accepted boundary 0x2063BD owns the complete type/payload/item/target order before actor construction and that selected unit-table versus actor indices are separate namespaces. The fail-closed exact-carrier accepted-order controller is offline-tested. The generic synthetic-Reaction transaction composes an exact equipped-carrier successful-result reservation with a survivor guard, configurable taxonomy roll, dynamic empty-slot producer, guarded action/target rewrite, producer-owned pass-2 commit, and once-per-attacker-action cadence. It embeds no job, fixed carrier, or managed effect.",work/1784110061-lt39-dcl-reaction-materialization-live-result.md; work/1784109869-lt39-dcl-reaction-materialization-live.log; tools/analyze_dcl_reaction_materialization_live.py; tools/analyze_dcl_reaction_order_rewrite.py; tools/analyze_dcl_synthetic_reaction_transaction.py; codemod/fftivc.generic.chronicle.codemod/DclSyntheticReaction.cs; codemod/fftivc.generic.chronicle.codemod/Mod.cs,"Run one validator-clean neutral carrier profile in log-only mode, then a bounded live carrier production/order-delivery vertical with wrong-source and duplicate-cadence controls."
Equipment,Item metadata exposure and DCL sidecar,"deep-combat-layer/06,19",mechanism-ready,"A strict native-ID-bound schema and atomic loader own Weight, Body/Head DR, modifiers, full weapon/shield/focus unions, element/affinity, immunity, and special properties without creating SKUs. The proven seven-slot native equipment block joins that registry fail-closed and aggregates exact Weight/modifiers/DR/immunity/active weapon/affinity while preserving repeated dual-wield instances. Applicable foci now sum skill/damage/healing/concentration/CastCT modifiers, multiply MP-cost factors exactly, and select the strongest element boost by declared tradition.",codemod/fftivc.generic.chronicle.codemod/DclItemMetadata.cs; codemod/fftivc.generic.chronicle.codemod/DclCanonicalEquipmentSnapshot.cs; codemod/fftivc.generic.chronicle.codemod/DclCanonicalMagicSnapshotMechanics.cs; codemod/fftivc.generic.chronicle.codemod/ItemCatalog.cs; codemod/fftivc.generic.chronicle.codemod.smoketests/Program.cs,Author approved per-item values and connect synchronized equipment changes to native characteristic/pool refresh; the technical metadata/snapshot mechanism is closed offline.
Metadata,Ability carrier classification and normalized overlay,deep-combat-layer/19,metadata-authoring,A strict native binding layer joins verified ability/formula evidence to one normalized ActionId/revision and explicit forecast/AI/execution/apply/presentation owners. Fire 16 is the sentinel; the audit deliberately reports the remaining 509 nonreserved records unbound with no fallback.,codemod/fftivc.generic.chronicle.codemod/DclAbilityBindings.cs; tools/report_dcl_ability_classification.py; codemod/fftivc.generic.chronicle.codemod/AbilityCatalog.cs; codemod/fftivc.generic.chronicle.codemod/DclAuthoringContract.cs; codemod/fftivc.generic.chronicle.codemod.smoketests/Program.cs,Materialize approved document-19 profiles and bindings for every nonreserved carrier without assigning draft jobs or inventing final balance.
AI,AI-visible rewritten scoring,deep-combat-layer/09,proven-live,"Enemy think-time sweeps consume the normalized staged bundle after 0x281F12 for target ranking. The permanent numeric writer publishes the complete formula-owned HP/MP bundle and flags there, leaves ordinary AI evaluations transient, caches only confirmed execution, and reuses that exact result at 0x30A5D7. LT36 proves target ranking and cached delivery. The charged Death vertical proves exact 3d6 expected lethal debit during AI evaluation and one cached sampled contest at execution. Canonical direct/Area magic and physical evaluations now expose RNG-free exact expected native effects; physical AI retains finite defenses, HP caps, KO probability, expected hits, and expected reached Strikes rather than substituting an independent-hit heuristic.",tools/analyze_dcl_ai_scoring_boundary.py; tools/analyze_dcl_instant_ko_compute.py; tools/analyze_dcl_calc_provenance.py; work/1784089635-lt36-compute-point-writer-live-result.md; work/1784089584-lt36b-compute-point-delivery-live.log; work/1784093540-lt37a-dcl-instant-ko-compute-resist-resolved-live.log; work/1784093827-lt37b-dcl-instant-ko-compute-ko-resolved-live.log; work/1784090430-dcl-compute-point-family-closure.md; codemod/fftivc.generic.chronicle.codemod/DclCanonicalPhysicalEvaluation.cs; codemod/fftivc.generic.chronicle.codemod/DclComputePointCache.cs; codemod/fftivc.generic.chronicle.codemod/DclComputePointNumericPlan.cs; docs/modding/08-dcl-information-requirements.md,"Bind the canonical player/AI projections to the proven scoring carrier, then regress healing, MP, miss/output-control, multistrike, AoE, and status-scoring families in the integrated profile."
Integration,Unified DCL mechanism runtime profile,deep-combat-layer/00-19,partial-live-gated,"The revision-4 authoring bundle and three native overlays atomically load actions, states, Reactions, items, action-ability bindings, and separate Reaction presentation/effect bindings. Every bound ability is classified before battle into exactly one executable family, with its ordered shape, carrier, rewrite policy, timing, referenced Rider gates, and standalone status action/state resistance agreement checked against a complete forecast/AI/execution owner; schema-valid combinations without one remain unloadable. One RNG-free evaluation dispatcher uses only that retained family and exact ability identity to return the canonical evaluator plus player/AI projections for physical, direct/Touch, Area, status/removal, Dispel, Quick, Revive, or ForcedMovement, while preserved native specials return an explicit passthrough. The matching confirmed dispatcher selects exactly one resolve-and-publish coordinator from deterministic family inputs; the battle retains every draw, state/resource commit, native application, and Reaction identity, and any family/ability/Reaction-owner mismatch fails before mutation. Canonical executors compose damage/healing, status/removal/Dispel, physical/Area, lifecycle, Quick, system commands, exact post-action Reaction activation, and persistent Overwatch/Protection/Bulwark bridges through stable transactions and one Reaction window. Mod creates and discards one battle-scoped canonical owner at the proven native generation boundary. Strict projections keep target effects, universal Injury consequences, caster resource payments, state-instance mutations, CT credit, KO-clear ordering, and exact Reaction results separate. Physical, direct/Area magic, and auxiliary status/removal/Dispel/Quick/Revive coordinators own their reachable battle-ledger draws, resolve, and publish exactly once; Stored Reraise also publishes its later KO trigger as a no-payment/no-Reaction LifecycleTransaction. ResourceFailure remains empty and draw-free. The proven compute-point reserves and writes an already-published canonical target/Strike, and pre-clamp commits that exact reservation. A guarded post-state-apply epilogue verifies terminal target pools and commits nonlethal source effects/payment. A disabled state-0x2C hook acknowledges each exact accepted effect Strike by reactor plus both native ids; the terminal state-0x2F hook refuses to settle/retire the singleton application until those completions are exhausted. Lethal source HP and presentation retain explicit later gates. The synchronized native adapter captures all four native status arrays plus target-local typed DCL instances under one monotonic revision, rejects hybrid HP/MP pools, and composes non-job focus/state/equipment mechanics. A source-owned snapshot batch joins those unit projections with current observed identities, normalized equipment, exact state/defense revisions, and tile heights without inferring draft-job inputs. Static analysis proves that 0x281EF7 exposes the complete 21-entry native target list before its first calculation. A battle-owned admission ledger uses a monotonic sweep serial to reserve one ActionInstance and binds exact state-0x2A/state-0x2F NativeRepeat continuity to its Strike indexes without timestamp or reusable-order-pointer guesses. Repeated projections are Strike-major to match one target sweep per repeat. RandomFire is fail-closed until DCL owns the complete repeated target sequence. Managed admission-hook invocation, native row/timeline/lifecycle/map capture, auxiliary movement application, presentation, forecast/AI carrier binding, CT/turn, movement-settled, and accepted-Reaction production/dispatch remain unbound.",codemod/fftivc.generic.chronicle.codemod/DclCanonicalRuntimeLoader.cs; codemod/fftivc.generic.chronicle.codemod/DclCanonicalRuntime.cs; codemod/fftivc.generic.chronicle.codemod/DclCanonicalActionCapability.cs; codemod/fftivc.generic.chronicle.codemod/DclCanonicalEvaluationDispatcher.cs; codemod/fftivc.generic.chronicle.codemod/DclCanonicalConfirmedExecutionDispatcher.cs; codemod/fftivc.generic.chronicle.codemod/DclNativeReactionBindings.cs; codemod/fftivc.generic.chronicle.codemod/DclCanonicalBattleRuntime.cs; codemod/fftivc.generic.chronicle.codemod/DclExecutionRandomLedger.cs; codemod/fftivc.generic.chronicle.codemod/DclCanonicalMagicExecutionCoordinator.cs; codemod/fftivc.generic.chronicle.codemod/DclCanonicalAreaMagicExecutionCoordinator.cs; codemod/fftivc.generic.chronicle.codemod/DclCanonicalPhysicalExecutionCoordinator.cs; codemod/fftivc.generic.chronicle.codemod/DclCanonicalAuxiliaryExecutionCoordinator.cs; codemod/fftivc.generic.chronicle.codemod/DclCanonicalNativeAuxiliaryProjection.cs; codemod/fftivc.generic.chronicle.codemod/DclCanonicalNativeCarrierProjection.cs; codemod/fftivc.generic.chronicle.codemod/DclCanonicalNativeActionLedger.cs; codemod/fftivc.generic.chronicle.codemod/DclCanonicalNativeApplyRouter.cs; codemod/fftivc.generic.chronicle.codemod/DclCanonicalNativePostApply.cs; codemod/fftivc.generic.chronicle.codemod/DclCanonicalNativeReactionCompletion.cs; codemod/fftivc.generic.chronicle.codemod/DclCanonicalNativeExecutionPublisher.cs; codemod/fftivc.generic.chronicle.codemod/DclCanonicalNativeSnapshotAdapter.cs; codemod/fftivc.generic.chronicle.codemod/DclCanonicalNativeSnapshotBatch.cs; codemod/fftivc.generic.chronicle.codemod/DclCanonicalNativeOuterActionAdmission.cs; codemod/fftivc.generic.chronicle.codemod/DclCanonicalNativeDirectExecutionComposer.cs; codemod/fftivc.generic.chronicle.codemod/DclCanonicalNativePhysicalExecutionComposer.cs; codemod/fftivc.generic.chronicle.codemod/DclCanonicalNativeAreaExecutionComposer.cs; codemod/fftivc.generic.chronicle.codemod/DclCanonicalNativeSingleTargetMagicComposer.cs; codemod/fftivc.generic.chronicle.codemod/DclCanonicalNativeStatusExecutionComposer.cs; codemod/fftivc.generic.chronicle.codemod/DclCanonicalNativeStatusRemovalExecutionComposer.cs; codemod/fftivc.generic.chronicle.codemod/DclCanonicalNativeDispelExecutionComposer.cs; codemod/fftivc.generic.chronicle.codemod/DclCanonicalNativeQuickExecutionComposer.cs; codemod/fftivc.generic.chronicle.codemod/DclCanonicalNativeReviveExecutionComposer.cs; codemod/fftivc.generic.chronicle.codemod/DclCanonicalNativeForcedMovementExecutionComposer.cs; tools/analyze_dcl_outer_action_batch.py; codemod/fftivc.generic.chronicle.codemod/DclCanonicalStateSnapshot.cs; codemod/fftivc.generic.chronicle.codemod/DclCanonicalMagicSnapshotMechanics.cs; codemod/fftivc.generic.chronicle.codemod/DclCanonicalTransactionExecutor.cs; codemod/fftivc.generic.chronicle.codemod/DclCanonicalReactionWindow.cs; codemod/fftivc.generic.chronicle.codemod/DclCanonicalPreparedStateRuntime.cs; codemod/fftivc.generic.chronicle.codemod/Mod.cs; codemod/fftivc.generic.chronicle.codemod.smoketests/Program.cs,"Invoke native admission and the implemented family composers at the proven pre-calculation TargetBatch boundary, then bind native timeline/lifecycle/map snapshots, lethal source lifecycle, presentation, forecast/AI, CT/turn, movement-settled, and accepted-Reaction carriers."
Integration,Admitted native-family request composition,"deep-combat-layer/03,05,06,09,11,12,13,18,19",partial-live-gated,"Every classified family has a deterministic admitted-request composer. DirectNumeric, complete-sequence PhysicalDamage and AreaNumeric, StatusApplication/removal, Dispel, and Quick have end-to-end sentinels that preserve the admitted ActionInstance through family dispatch, battle-owned RNG, state/timeline mutation, and native publication. Physical and Area NativeRepeat retain exact contiguous sweep identity; Area freezes native geometry before canonical filtering; AllEligible Dispel freezes the complete ordered InstanceId set. Revive and ForcedMovement composers retain explicit lifecycle Faith/Undead policy and the immutable final native map verdict rather than inferring them from draft jobs or intermediate tiles.",codemod/fftivc.generic.chronicle.codemod/DclCanonicalNativeDirectExecutionComposer.cs; codemod/fftivc.generic.chronicle.codemod/DclCanonicalNativePhysicalExecutionComposer.cs; codemod/fftivc.generic.chronicle.codemod/DclCanonicalNativeAreaExecutionComposer.cs; codemod/fftivc.generic.chronicle.codemod/DclCanonicalNativeSingleTargetMagicComposer.cs; codemod/fftivc.generic.chronicle.codemod/DclCanonicalNativeStatusExecutionComposer.cs; codemod/fftivc.generic.chronicle.codemod/DclCanonicalNativeStatusRemovalExecutionComposer.cs; codemod/fftivc.generic.chronicle.codemod/DclCanonicalNativeDispelExecutionComposer.cs; codemod/fftivc.generic.chronicle.codemod/DclCanonicalNativeQuickExecutionComposer.cs; codemod/fftivc.generic.chronicle.codemod/DclCanonicalNativeReviveExecutionComposer.cs; codemod/fftivc.generic.chronicle.codemod/DclCanonicalNativeForcedMovementExecutionComposer.cs; codemod/fftivc.generic.chronicle.codemod/DclCanonicalNativeSnapshotBatch.cs; codemod/fftivc.generic.chronicle.codemod/DclCanonicalConfirmedExecutionDispatcher.cs; codemod/fftivc.generic.chronicle.codemod.smoketests/Program.cs,"Invoke these bridges from the proven native TargetBatch admission hook and bind the timeline-owned Quick identities, Revive lifecycle policy, and final native ForcedMovement verdict to their live snapshot owners."
Validation,Whole-DCL mechanism live regression,deep-combat-layer/00-19,regression-pending,"Offline build, smoke, validators, analyzers, and hook guards are extensive; the final integrated technical battle matrix does not yet exist.",codemod/fftivc.generic.chronicle.codemod.smoketests/Program.cs; tools/audit_runtime_hook_anchors.py,Run forecast/player/AI/multi-hit/AoE/status/reaction/KO/equipment regression on the integrated sentinel profile.
Metadata,Normalized action and state authoring contract,deep-combat-layer/19,mechanism-ready,"The runtime has normalized action/state types, fail-closed validation, and a strict revisioned JSON loader with exact rationals, canonical Xd6+Y parsing, string enums, discriminated magnitude/effect consistency, ordered Carrier/Rider validation, state-reference closure, unknown-field rejection, duplicate rejection, and atomic registry publication. The delivery matrix rejects impossible gate combinations before battle: External Projectile Parry, Touch Block/resistance, Beneficial active defense/per-Strike gate, Rider active defense, and resistance on Physical/External/Touch/Beneficial. A second atomic capability pass assigns each bound ability exactly one implemented family and rejects unsupported effect shapes, carriers, rewrite policies, Immediate Rider timing, unnamed Explicit Rider gates, and standalone status Carrier/state gate mismatches before battle.",docs/deep-combat-layer/19-action-and-state-authoring-contract.md; codemod/fftivc.generic.chronicle.codemod/DclAuthoringContract.cs; codemod/fftivc.generic.chronicle.codemod/DclAuthoringJsonLoader.cs; codemod/fftivc.generic.chronicle.codemod/DclCanonicalActionCapability.cs; codemod/fftivc.generic.chronicle.codemod.smoketests/Program.cs,"Bind approved real carrier/item metadata to the normalized registry across forecast, AI, and execution without importing draft job or final balance values."
Numeric core,"Shared rounding, 3d6, forecast and RNG contract",deep-combat-layer/17,mechanism-ready,"The DCL has one numerical owner for rounding, clamps, universal success rolls, criticals, Quick Contests, exact forecast spaces, and percentage rolls. A battle-scoped execution ledger caches semantic battle/Action/source/target/Strike/site/index identities for 3d6, d6 pools, percentages, and random selection; incompatible reuse fails closed. The conditional Injury planner consumes Major-Wound and concentration draws only when reachable. Every canonical executor with confirmed random sites has a battle-ledger path: direct/Area magic, physical, status/removal/Dispel, Quick, Revive/Reraise, Aim retention, Stun recovery, and Reaction activation. Physical and Area Immediate Damage evaluation enumerate the same reachable Major-Wound HT branches that execution consumes. Physical defense and status resistance share one classifier.",docs/deep-combat-layer/17-numeric-resolution-contract.md; codemod/fftivc.generic.chronicle.codemod/DclNumericContract.cs; codemod/fftivc.generic.chronicle.codemod/DclExecutionRandomLedger.cs; codemod/fftivc.generic.chronicle.codemod/DclCanonicalInjuryRandomPlanner.cs; codemod/fftivc.generic.chronicle.codemod/DclCanonicalMagicExecutionCoordinator.cs; codemod/fftivc.generic.chronicle.codemod/DclCanonicalAreaMagicExecutionCoordinator.cs; codemod/fftivc.generic.chronicle.codemod/DclCanonicalPhysicalExecutionCoordinator.cs; codemod/fftivc.generic.chronicle.codemod/DclCanonicalRecoveryExecutor.cs; codemod/fftivc.generic.chronicle.codemod/DclCanonicalReraiseTriggerExecutor.cs; codemod/fftivc.generic.chronicle.codemod/DclSuccessRoll.cs; codemod/fftivc.generic.chronicle.codemod.smoketests/Program.cs,Bind these already-owned execution sites to their native confirmed-execution callbacks; there is no remaining canonical executor with unowned RNG.
Action lifecycle,"Outer action, batch, strike and Reaction transaction",deep-combat-layer/18,partial-live-gated,"The runtime transaction model and canonical batch executor own stable battle/unit/action/Strike identity, normalized target order, resolved effect indexes, target-local KO short-circuiting, native-immediate versus deferred effects, pre-batch ResourceFailure, stable commit, and exactly one post-action Reaction window. The battle runtime owns revisioned per-unit defense cadence: cumulative per-weapon/limb Parry attempts and one Block persist across outer actions, commit atomically from the resolved snapshot, reject stale retries, and reset only at the defender's granted-turn boundary. Current-build disassembly proves the native TargetBatch is complete at 0x281EF7 before the first per-target calculation. A battle-owned admission ledger reserves one ActionInstance per nonrepeat sweep or exact contiguous NativeRepeat sequence, rejects stale UnitKeys/count/index/source/action/batch divergence, and preserves native Strike-major apply order. RandomFire remains excluded until its complete repeated target sequence is DCL-owned before resolution.",docs/deep-combat-layer/18-action-transactions-and-reactions.md; codemod/fftivc.generic.chronicle.codemod/DclActionTransaction.cs; codemod/fftivc.generic.chronicle.codemod/DclCanonicalTransactionExecutor.cs; codemod/fftivc.generic.chronicle.codemod/DclCanonicalBattleRuntime.cs; codemod/fftivc.generic.chronicle.codemod/DclCanonicalNativeOuterActionAdmission.cs; codemod/fftivc.generic.chronicle.codemod/DclCanonicalNativeDirectExecutionComposer.cs; codemod/fftivc.generic.chronicle.codemod/DclCanonicalPhysicalExecutionCoordinator.cs; tools/analyze_dcl_outer_action_batch.py; codemod/fftivc.generic.chronicle.codemod.smoketests/Program.cs,"Invoke the admission ledger and DirectNumeric composer from the proven affected-target boundary, add the remaining synchronized family inputs, then bind the published transaction to native result/apply, Reaction commit, player forecast, and AI."
Characteristics,Primary/secondary attributes and pool reconciliation,deep-combat-layer/01,partial-live-gated,"The pure resolver owns additive ST/DX/IQ, every Brave-to-HT anchor, HP/MP/Will, exact Basic Lift and quarter-point Basic Speed, Move/Jump/Dodge derivation, and nonhealing pool reconciliation. The native unit adapter composes proven raw fields with explicit adjustments and refuses execution while native HP/MP maxima or current pools are unsynchronized with the canonical snapshot. Its input composer places equipment attributes, pools, Will, Speed, Move, and Jump into named channels exactly once while preserving explicit non-equipment/job/state values. A source-owned batch now joins current observed UnitKeys, native rows, normalized equipment, battle state/revision, finite defenses, tile height, and those explicit characteristic inputs at one immutable capture boundary; duplicate/stale identities and hybrid pools fail closed.",codemod/fftivc.generic.chronicle.codemod/DclCharacteristics.cs; codemod/fftivc.generic.chronicle.codemod/DclCanonicalNativeSnapshotAdapter.cs; codemod/fftivc.generic.chronicle.codemod/DclCanonicalNativeSnapshotBatch.cs; codemod/fftivc.generic.chronicle.codemod.smoketests/Program.cs,"Bind reinterpreted character/state inputs and pool synchronization to native storage, then prove battle/UI refresh without inventing draft-job values, healing, or Injury events."
Turns,"Rank initiative, fixed CT cadence, and Movement/Action resources",deep-combat-layer/02,partial-live-gated,"The pure resolver sorts exact Basic Speed/DX/stable slot, assigns rank CT, applies fixed global gain with exact Haste/Slow/Stop, resets granted turns to zero, and spends independent Movement/Action resources. A battle-owned transactional timeline interleaves charged actions, tick-before-expiry state events, and eligible turns without advancing through a pending ActionInstance or active turn. Same-CT turn ties use descending current CT, initial initiative rank, and stable slot.",codemod/fftivc.generic.chronicle.codemod/DclCharacteristics.cs; codemod/fftivc.generic.chronicle.codemod/DclCanonicalTimelineScheduler.cs; codemod/fftivc.generic.chronicle.codemod.smoketests/Program.cs,"Map quarter-point CT storage and bind the canonical timeline to native GlobalCT/turn grants, then preserve FFT Movement/Action ordering and UI legality."
Physical,Aptitude skills and active-defense formulas,deep-combat-layer/03,partial-live-gated,"The canonical aptitude table, GURPS skill bands, Dodge/Parry/Block formulas, defense priority, exact ParryLoad precedence, and BasicLift limit are implemented and tested offline.",codemod/fftivc.generic.chronicle.codemod/DclPhysicalRules.cs; codemod/fftivc.generic.chronicle.codemod.smoketests/Program.cs,Load authored aptitude/equipment/state inputs and replace the legacy live physical-contest profile at the per-Strike transaction boundary.
Equipment,Exact Weight and encumbrance bands,deep-combat-layer/06,partial-live-gated,Exact Weight/BasicLift ratios select the five canonical bands and apply floored Move/Jump multipliers plus Dodge penalties at every inclusive boundary.,codemod/fftivc.generic.chronicle.codemod/DclEquipmentAndRanged.cs; codemod/fftivc.generic.chronicle.codemod.smoketests/Program.cs,"Author/load item Weight and connect the result to native Move, Jump, Dodge, equipment changes, and Critical postprocessing."
Ranged,"Distance, Aim, and projectile defense legality",deep-combat-layer/07,partial-live-gated,"The item-bound canonical physical executor derives Effective Skill from weapon skill, target-bound Aim/Accuracy, exact distance bands, location, and state penalties; requires native range/trajectory before RNG; matches Direct/Arc routing; and filters Bow/Crossbow/Gun/Thrown defenses before selection. A synchronized projector materializes typed Aim and Shock from the exact source-state revision and carries the Aim instance identity. The outer physical commit removes that exact Aim after the shot and before Reaction. Physical, direct-magic, and Area coordinators sample one Aim-retention site per reachable positive Injury, while KO/posture/displacement cancel directly. Direct owner cancellation and tracked-target loss share that lifecycle. Every cancellation or failed retention projects the exact Aim removal beside the same target carrier rather than leaving only an internal registry mutation.",codemod/fftivc.generic.chronicle.codemod/DclEquipmentAndRanged.cs; codemod/fftivc.generic.chronicle.codemod/DclCanonicalAimLifecycle.cs; codemod/fftivc.generic.chronicle.codemod/DclCanonicalPhysicalExecutor.cs; codemod/fftivc.generic.chronicle.codemod/DclCanonicalPhysicalExecutionCoordinator.cs; codemod/fftivc.generic.chronicle.codemod/DclCanonicalMagicExecutionCoordinator.cs; codemod/fftivc.generic.chronicle.codemod/DclCanonicalAreaMagicExecutionCoordinator.cs; codemod/fftivc.generic.chronicle.codemod/DclCanonicalCombatSnapshotMechanics.cs; codemod/fftivc.generic.chronicle.codemod/DclItemMetadata.cs; codemod/fftivc.generic.chronicle.codemod.smoketests/Program.cs,Invoke the battle-owned movement/posture/trajectory/target-loss Aim bridges from their proven native callbacks and regress the three coordinated Injury families live.
States,Persistent-state registry and deterministic scheduler,"deep-combat-layer/08,14,18,19",partial-live-gated,"A battle-generation registry owns stable state identities, typed payloads, source binding, stacking, cures and exact-instance removal, every duration clock, evaluation clones, global tick-before-expiry ordering, and a monotonic target-local revision advanced by every accepted mutation. Replacement results retain the exact removed instances rather than only dead ids. NativeStatusBit is the fail-closed storage discriminator: a canonical auxiliary planner maps native overlays to one owned five-byte packet bit while custom states remain registry-only, rejects duplicate semantic bit owners, preserves add-over-remove replacement truth, and carries exact CT/HP-before-KO semantics. The proven pre-clamp apply now stages canonical native packets and exactly representable positive CT deltas with rollback. Direct-magic, Area-magic, and physical status Riders retain their state instance through projection and ledger publication; physical Riders attach to their exact landed Strike. Exact named StatusRemoval evaluation snapshots every current matching InstanceId and shares its all-matching-or-none Beneficial outcome with player forecast and AI. Periodic states now bind a normalized zero-cost PeriodicEffect action to an exact native carrier and source policy. Immediate payloads and scheduled ticks reserve distinct retry-stable outer ActionInstances; the registry cursor advances only after the exact ledger application completes strikes, payment, Reaction policy, and settlement. Target KO, lethal-payer target/source KO cleanup, Aim discharge, and target/source turn expiry all retain and project the exact removed instances; stale lethal-payment cleanup fails before advancing the ledger. A strict deterministic timeline checkpoint preserves definition fingerprints, typed payloads, clocks, rates, turn serials, QuickLock, repeated-Parry counters, Block availability, defense revisions, per-weapon readiness/Unbalanced Parry suppression, pending charged declarations, target revisions, stable state ids, and the ActionInstance cursor; it rebases every UnitKey to a new battle generation and rejects half-commits, unsafe turns, controller disagreement, impossible weapon or defense state, stale authoring/bindings, or identity collisions.",codemod/fftivc.generic.chronicle.codemod/DclAuthoringContract.cs; codemod/fftivc.generic.chronicle.codemod/DclStateRegistry.cs; codemod/fftivc.generic.chronicle.codemod/DclStateRegistryCheckpoint.cs; codemod/fftivc.generic.chronicle.codemod/DclCanonicalBattleRuntime.cs; codemod/fftivc.generic.chronicle.codemod/DclCanonicalTimelineCheckpoint.cs; codemod/fftivc.generic.chronicle.codemod/DclCanonicalStateSnapshot.cs; codemod/fftivc.generic.chronicle.codemod/DclCanonicalNativeAuxiliaryApply.cs; codemod/fftivc.generic.chronicle.codemod/DclCanonicalNativeAuxiliaryProjection.cs; codemod/fftivc.generic.chronicle.codemod/DclCanonicalNativeApplyRouter.cs; codemod/fftivc.generic.chronicle.codemod/DclCanonicalStatusExecutor.cs; codemod/fftivc.generic.chronicle.codemod/DclCanonicalDispelExecutor.cs; codemod/fftivc.generic.chronicle.codemod/DclCanonicalStatusRemovalExecutor.cs; codemod/fftivc.generic.chronicle.codemod/DclCanonicalStatusRemovalEvaluation.cs; codemod/fftivc.generic.chronicle.codemod/Mod.cs; codemod/fftivc.generic.chronicle.codemod.smoketests/Program.cs,"Invoke the canonical coordinators from native execution, bind the checkpoint to the native battle save/load owner and pool/equipment/map resynchronization, live-prove status-only and CT carriers, then bind the timeline, periodic carrier invocation, cleanup, and presentation without changing scheduler order."
States,Universal posture and status rules,"deep-combat-layer/05,08,14",partial-live-gated,"Pure rules own strict Critical HP, Stun turn recovery, Knocked Down, raw-Injury Shock, Brave temperament, hostile status/Dispel contests, duration, EffectStrength, and typed payload semantics for the universal custom states. Duration authoring is a closed executable union of fixed, explicit application-owned, or clamped winning-margin rules; registry commit revalidates exact units and status forecast/AI expose exact duration mass. Confirmed physical/direct/Area Injury commits Shock and paired Stun/Knocked Down into the battle registry and carries those exact mutations through native publication. End-of-turn Stun recovery samples one battle-owned Recovery site only for a turn that began Stunned and removes the exact snapshotted instance on success. Aim persists its stable target and consecutive Accuracy steps as a typed payload. Synchronized projectors derive Injury context, Charging, location/Bulwark DR, native/equipment immunity, HT/Will/Spiritual Resistance, exact Taunt action legality, and Guard Broken/slot-bound Weapon Bound/Bulwark defense terms without interpreting MechanicalRules text. One revisioned state plan transforms the same physical Strikes for player forecast, AI, and confirmed execution; every confirmed non-Attack coordinator rejects Taunt before RNG, while the explicit universal normal Attack remains legal only against its active legal provocateur. Exact Dispel evaluation preserves shared-caster correlation across every selected stored EffectStrength and exposes complete removed-instance-set, removed-count, marginal, and expected-count distributions to one player/AI result.",codemod/fftivc.generic.chronicle.codemod/DclPostureAndStatusRules.cs; codemod/fftivc.generic.chronicle.codemod/DclStateDurationRules.cs; codemod/fftivc.generic.chronicle.codemod/DclCanonicalStatusEvaluation.cs; codemod/fftivc.generic.chronicle.codemod/DclCanonicalRecoveryExecutor.cs; codemod/fftivc.generic.chronicle.codemod/DclCanonicalDispelEvaluation.cs; codemod/fftivc.generic.chronicle.codemod/DclEquipmentAndRanged.cs; codemod/fftivc.generic.chronicle.codemod/DclCanonicalStateSnapshot.cs; codemod/fftivc.generic.chronicle.codemod/DclCanonicalCombatSnapshotMechanics.cs; codemod/fftivc.generic.chronicle.codemod.smoketests/Program.cs,"Connect the exact turn-completion result and recovery owner to the native turn-end callback, bind Taunt to native command/target availability, bind proven native weapon-slot identity into Reaction candidate production, consume Bulwark displacement/passability at their owners, and bind native pose/palette/icon/status packets plus selected-unit detail."
Magic,"Cast declaration, targeting, area, and gate cardinality","deep-combat-layer/09,11,12,13,18,19",partial-live-gated,"Declaration freezes FinalMPCost, ApprovedHPCap, CastCT, due CT, identity, and declaration tile; unit/fixed/caster centers resolve canonically. Positive-CastCT declarations now retain their original ActionInstance/ability in the unified timeline, reject duplicate source Charging, resolve in stable identity order before same-CT state events and turns, and clear only after exact ledger settlement or explicit cancellation. KO, Stun, Knocked Down, explicit incapacity, failed concentration, and voluntary cancellation remove the exact source-bound declaration without target delivery or pool debit; preserved concentration retains its identity and due CT. The Area coordinator validates current observed identities, resolves current centers, freezes native geometric membership in stable order, samples one shared caster draw, owns None/per-Strike Dodge/per-target Quick Contest cardinality, consumes Oil once, updates Absorb HP, stops target-local RNG after KO, and publishes the stable multi-carrier action. Direct and Touch single-target ordered Riders reuse the Carrier roll; Area Riders resolve once per target after its first landed Carrier. All generic families derive None, SuccessRoll, or QuickContest from the state definition, skip RNG on immunity/no landing, and reject Explicit without its named owner. Area Riders materialize exactly once, attach to that Strike's native packet, and support Deferred multi-Strike or any single-Strike profile. Multi-Strike Immediate Area Injury reprojects surviving Major-Wound posture into later Dodge gates; generic Immediate status Riders still fail closed.",codemod/fftivc.generic.chronicle.codemod/DclMagicTargeting.cs; codemod/fftivc.generic.chronicle.codemod/DclMagicActionGates.cs; codemod/fftivc.generic.chronicle.codemod/DclCanonicalTimelineScheduler.cs; codemod/fftivc.generic.chronicle.codemod/DclCanonicalNativeDirectExecutionComposer.cs; codemod/fftivc.generic.chronicle.codemod/DclCanonicalAreaMagicExecutor.cs; codemod/fftivc.generic.chronicle.codemod/DclCanonicalAreaMagicExecutionCoordinator.cs; codemod/fftivc.generic.chronicle.codemod.smoketests/Program.cs,"Invoke DirectNumeric composition at the native admission boundary; then bind current map/unit snapshots, the canonical timeline, forecast/AI, and native Area enumeration, and define explicit between-Strike semantics before authoring any Immediate multi-Strike status Rider profile."
Position,"Canonical arcs, awareness, Reach, and location DR","deep-combat-layer/04,08",partial-live-gated,"The pure classifier owns inclusive-diagonal Front/Side/Back, lateral shield side, legal-defense modifiers, Blind, immediate/delayed Invisibility, Reach 1/2, and combined versus explicit Body/Head DR.",codemod/fftivc.generic.chronicle.codemod/DclFacingAndTargeting.cs; codemod/fftivc.generic.chronicle.codemod.smoketests/Program.cs,"Bind the proven native facing byte to cardinal vectors, consume native path/height verdicts, and share the result across forecast, AI, and execution."
Turns,"Ready, Reequip, Stand Up, and equipment action state","deep-combat-layer/02,03,08,18",partial-live-gated,"Canonical Ready, Reequip, and Stand Up system actions spend their exact Action/Movement combination during transaction commit. Their confirmed semantic coordinator requires current battle-owned custom/defense state, rejects Taunt and stale snapshots before Reaction RNG, resolves one exact post-action Reaction window, and uses registered weapon/turn resources. Per-weapon state distinguishes UnreadyAfterAttack from Unbalanced Parry loss, physical attacks update it once per outer action, Stand Up removes Knocked Down, and Reequip preserves every defensive resource.",codemod/fftivc.generic.chronicle.codemod/DclUniversalActions.cs; codemod/fftivc.generic.chronicle.codemod/DclCanonicalCommandExecutor.cs; codemod/fftivc.generic.chronicle.codemod/DclCanonicalCommandExecutionCoordinator.cs; codemod/fftivc.generic.chronicle.codemod/DclCanonicalPhysicalExecutor.cs; codemod/fftivc.generic.chronicle.codemod.smoketests/Program.cs,"Bind command availability, equipment identity per hand, native turn grants, selected-equipment presentation, and native command/result carriers."
Progression,Deterministic fractional Character Growth,"deep-combat-layer/01,15",partial-live-gated,"The exact micro-unit core validates six-decimal nonnegative vectors and equal budgets, retains lifetime per-channel fractions across job order, awards each Character Level once, and migrates pre-DCL saves conservatively. Strict deterministic per-character JSON preserves all six accumulators, rejects malformed current records, and retains an unknown newer schema opaquely and byte-for-byte while visibly disabling growth.",codemod/fftivc.generic.chronicle.codemod/DclCharacterGrowth.cs; codemod/fftivc.generic.chronicle.codemod/DclGrowthStateCodec.cs; codemod/fftivc.generic.chronicle.codemod.smoketests/Program.cs,"Bind a stable native roster identity and atomic level-up permanent-stat/save writer, then author and validate real job vectors separately from the mechanism."
Lifecycle,"Revive, Reraise, and explicit Undead family policy","deep-combat-layer/14,19",partial-live-gated,"The normalized action and canonical lifecycle executor own eligible states, Immediate versus StoredReraise, exact restored-HP expressions, one-or-explicitly-paid-both Faith axes, explicit Undead routing, HP-credit-before-KO-clear, KO-eligible transaction entry, and persistent trigger materialization. Confirmed immediate Revive validates current identities and owns shared casting/conditional resistance/exact restored-HP dice through the battle ledger. Stored Reraise uses a typed expression/Faith payload; its KO trigger consumes the exact instance, samples only restored-HP dice, stages HP credit before KO clear, and opens no damage Reaction. Exact lifecycle evaluation exposes delivery and explicit Revive-route probabilities, only mixes restored-HP dice into reachable immediate credit, applies Faith/cap exactly, and preserves Stored Reraise as a future expression without premature rolling. Player and AI share that result. Rejected, ineligible, stored, and ResourceFailure paths consume no premature restored-HP RNG.",codemod/fftivc.generic.chronicle.codemod/DclReviveAndUndead.cs; codemod/fftivc.generic.chronicle.codemod/DclCanonicalReviveExecutor.cs; codemod/fftivc.generic.chronicle.codemod/DclCanonicalReviveEvaluation.cs; codemod/fftivc.generic.chronicle.codemod/DclCanonicalReraiseTriggerExecutor.cs; codemod/fftivc.generic.chronicle.codemod/DclActionTransaction.cs; codemod/fftivc.generic.chronicle.codemod.smoketests/Program.cs,"Invoke the now-published lifecycle plans from the proven native HP/revive/death-clock/Reraise apply and presentation callbacks, then author each real effect family's explicit Undead table row."
Presentation,"Persistent-state position, palette, icon, and detail resolver","deep-combat-layer/08,09,19",partial-live-gated,"The pure resolver owns canonical one-position and palette precedence, KO suppression, Invisibility layering, symbolic existing-asset icons, Shock counters, and complete selected-state detail from the normalized instance.",codemod/fftivc.generic.chronicle.codemod/DclStatePresentation.cs; codemod/fftivc.generic.chronicle.codemod/DclStateRegistry.cs; codemod/fftivc.generic.chronicle.codemod.smoketests/Program.cs,"Resolve symbolic assets through the native catalogs and bind pose, palette, icon row, selection detail, and command disablement UI."
Forecast,Correlated multi-target magic probability,"deep-combat-layer/09,12,13,17",partial-live-gated,"Exact rational enumeration shares the one caster or Touch attack draw, then branches target-relative SpellScore, critical bypass, per-Strike active defense, per-target delivery Quick Contest, and each Rider's authored None, SuccessRoll, or QuickContest gate after Carrier landing. Direct/Touch evaluation exposes per-Rider application mass; Area evaluation exposes the full delivered-target-count distribution, per-target any-delivery and gate-landing expectations, immunity-aware Rider probability, exact KO-aware total HP debit/credit distributions, and lossless player/AI projections. ResourceFailure stops before target evaluation. Critical Area healing uses the same maximize-one-die expression in evaluation and execution. One RNG-free dispatcher now selects every implemented family evaluator from the atomic ability classification and returns both projections under the same ability identity.",codemod/fftivc.generic.chronicle.codemod/DclMagicCorrelatedForecast.cs; codemod/fftivc.generic.chronicle.codemod/DclCanonicalAreaMagicEvaluation.cs; codemod/fftivc.generic.chronicle.codemod/DclCanonicalEvaluationDispatcher.cs; codemod/fftivc.generic.chronicle.codemod/DclMagicResolution.cs; codemod/fftivc.generic.chronicle.codemod.smoketests/Program.cs,"Bind the exact correlated result to native player area forecast and AI valuation; strategic AI weights remain authored metadata, not alternate mechanics."
States,"Bulwark, Overwatch, Cover/Bodyguard, and QuickLock mechanics","deep-combat-layer/02,08,14,18",partial-live-gated,"Canonical prepared-state payloads keep persistent uses synchronized with Bulwark cancellation, settled-movement-only Overwatch, full weapon/source/target/range/trajectory revalidation, protection redirect legality, and loop-safe Quick/QuickLock. Confirmed Quick owns its shared casting site through the battle ledger before atomically granting CT and materializing QuickLock. Exact Quick evaluation validates current CT plus controller/persistent-lock agreement and shares one Beneficial delivery, CT-credit, resource, and lock probability result across player forecast and AI. The unified timeline grants Quick's immediately eligible same-CT turn and clears controller plus exact persistent lock together only when that granted turn completes. Unsettled movement returns before all Overwatch revalidation and can never pause or fire tile by tile.",codemod/fftivc.generic.chronicle.codemod/DclPreparedStates.cs; codemod/fftivc.generic.chronicle.codemod/DclCanonicalPreparedStateRuntime.cs; codemod/fftivc.generic.chronicle.codemod/DclCanonicalQuickExecutor.cs; codemod/fftivc.generic.chronicle.codemod/DclCanonicalQuickEvaluation.cs; codemod/fftivc.generic.chronicle.codemod/DclCanonicalTimelineScheduler.cs; codemod/fftivc.generic.chronicle.codemod.smoketests/Program.cs,"Bind the canonical timeline to native CT/turn events and bind the prepared bridge to post-route movement, trajectory, action reservation, redirect/result, expiry, and visible-link carriers."
